document_id,year,download_filename,selection_stratum,split,selection_reasons,description,source_format,source_bytes,length_bin,gpt_reinsurance,gemini_reinsurance,gpt_contract_type,gemini_contract_type,gpt_obligatory_type,gemini_obligatory_type
2001-1013698-0001133884-01-500497-gex10_9-25483.txt,2001,2001-1013698-0001133884-01-500497-gex10_9-25483.txt,historical_disagreement,development,historical_classOfBusiness_disagreement;clear_reinsurance_candidate,EX-10.9,txt,166856,50_250kb,Yes,Yes,Non-Life,Non-Life,Treaty,Treaty
2001-1064063-0000893220-01-500565-w52468ex10-53.txt,2001,2001-1064063-0000893220-01-500565-w52468ex10-53.txt,clear_reinsurance_candidate,holdout,clear_reinsurance_candidate,CONB. QUOTA SHARE & AGGREGATE EXCESS LOSS REINSUR.,txt,70692,50_250kb,Yes,Yes,Non-Life,Non-Life,Treaty,Treaty
2001-869486-0000912057-01-514491-a2048567zex-10_34.txt,2001,2001-869486-0000912057-01-514491-a2048567zex-10_34.txt,life_health_or_annuity,holdout,life_health_or_annuity;clear_reinsurance_candidate,EXHIBIT 10.34,txt,23025,lt_50kb,Yes,Yes,Life,Life,Treaty,Treaty
2001-875159-0000930413-01-501381-c22070_ex10-49.txt,2001,2001-875159-0000930413-01-501381-c22070_ex10-49.txt,historical_disagreement,development,historical_reinsurance_disagreement;historical_contractType_disagreement;historical_obligatoryType_disagreement;historical_classOfBusiness_disagreement;clear_reinsurance_candidate,LETTER OF CREDIT AND REIMBURSEMENT AGREEMENT,txt,8906,lt_50kb,No,Yes,NA,Non-Life,NA,Treaty
2001-908139-0000908139-01-500005-exhibit07.txt,2001,2001-908139-0000908139-01-500005-exhibit07.txt,life_health_or_annuity,development,historical_classOfBusiness_disagreement;life_health_or_annuity;clear_reinsurance_candidate,,txt,4391,lt_50kb,Yes,Yes,Life,Life,Treaty,Treaty
2001-927314-0000950123-01-003010-y46546ex10-12.txt,2001,2001-927314-0000950123-01-003010-y46546ex10-12.txt,historical_disagreement,development,historical_classOfBusiness_disagreement;unrelated_agreement,CREDIT AGREEMENT,txt,330686,250kb_1mb,No,No,NA,NA,NA,NA
2002-1013698-0001133884-02-000357-gex10_24-27854.txt,2002,2002-1013698-0001133884-02-000357-gex10_24-27854.txt,historical_disagreement,development,historical_reinsurance_disagreement;historical_contractType_disagreement;historical_obligatoryType_disagreement;historical_classOfBusiness_disagreement;clear_reinsurance_candidate,CONSULTING AGREEMENT,txt,4632,lt_50kb,No,Yes,NA,Non-Life,NA,Treaty
2002-1044566-0000950137-02-006302-c73016exv10w1.txt,2002,2002-1044566-0000950137-02-006302-c73016exv10w1.txt,clear_reinsurance_candidate,development,clear_reinsurance_candidate,FORM OF 10 PERCENT QUOTA SHARE TREATY,txt,31403,lt_50kb,Yes,Yes,Non-Life,Non-Life,Treaty,Treaty
2002-1091748-0001125282-02-003342-b321019ex_10-3b.txt,2002,2002-1091748-0001125282-02-003342-b321019ex_10-3b.txt,facultative_edge,development,historical_reinsurance_disagreement;historical_obligatoryType_disagreement;facultative_edge;clear_reinsurance_candidate,CREDIT ENHANCEMENT POLICY,txt,21064,lt_50kb,No,Yes,Non-Life,Non-Life,NA,Facultative
2002-1158449-0000898430-02-003171-dex1047.txt,2002,2002-1158449-0000898430-02-003171-dex1047.txt,amendment_or_endorsement,holdout,historical_classOfBusiness_disagreement;amendment_or_endorsement,AMENDMENT AND RESTATEMENT AGREEMENT DATED 06/28/02,txt,19964,lt_50kb,No,No,NA,NA,NA,NA
2002-850141-0000950131-02-004443-dex101.txt,2002,2002-850141-0000950131-02-004443-dex101.txt,historical_disagreement,holdout,historical_classOfBusiness_disagreement;clear_reinsurance_candidate,OPTION AND REINSURANCE AGREEMENT,txt,263012,250kb_1mb,Yes,Yes,Non-Life,Non-Life,Treaty,Treaty
2002-872548-0000872548-02-000003-cr-agree.txt,2002,2002-872548-0000872548-02-000003-cr-agree.txt,unrelated_agreement,holdout,unrelated_agreement,CREDIT AGREEMENT,txt,391156,250kb_1mb,No,No,NA,NA,NA,NA
2002-882235-0001021408-02-006703-dex1060.txt,2002,2002-882235-0001021408-02-006703-dex1060.txt,unrelated_agreement,holdout,unrelated_agreement,CREDIT AGREEMENT,txt,363504,250kb_1mb,No,No,NA,NA,NA,NA
2002-896159-0000902561-02-000571-reim500.txt,2002,2002-896159-0000902561-02-000571-reim500.txt,historical_disagreement,development,historical_reinsurance_disagreement;historical_contractType_disagreement;historical_obligatoryType_disagreement;historical_classOfBusiness_disagreement;clear_reinsurance_candidate,,txt,278996,250kb_1mb,No,Yes,NA,Non-Life,NA,Treaty
2002-910110-0000950159-02-000183-paex1019-i.txt,2002,2002-910110-0000950159-02-000183-paex1019-i.txt,historical_disagreement,development,historical_classOfBusiness_disagreement;clear_reinsurance_candidate,EXHIBIT 10.19.I,txt,2377,lt_50kb,Yes,Yes,Non-Life,Non-Life,Treaty,Treaty
2003-1001384-0001169232-03-003408-d55443_ex10-34.txt,2003,2003-1001384-0001169232-03-003408-d55443_ex10-34.txt,amendment_or_endorsement,holdout,historical_reinsurance_disagreement;historical_classOfBusiness_disagreement;amendment_or_endorsement;clear_reinsurance_candidate,AMENDED AND RESTATED AGREEMENT,txt,17695,lt_50kb,No,Yes,Non-Life,Non-Life,NA,NA
2003-1010247-0001169232-03-003694-d55550_ex-10vv.htm,2003,2003-1010247-0001169232-03-003694-d55550_ex-10vv.htm,placement_slip_or_summary,development,placement_slip_or_summary;clear_reinsurance_candidate,2003 FINAL REINSURANCE PLACEMENT SLIP,htm,81125,50_250kb,Yes,,Non-Life,,Treaty,
2003-1013609-0000898430-03-002251-dex1067.htm,2003,2003-1013609-0000898430-03-002251-dex1067.htm,placement_slip_or_summary,holdout,placement_slip_or_summary;clear_reinsurance_candidate,PLACEMENT SLIP,htm,73383,50_250kb,Yes,Yes,Non-Life,Non-Life,Treaty,Treaty
2003-1013609-0000898430-03-002251-dex1070.txt,2003,2003-1013609-0000898430-03-002251-dex1070.txt,clear_reinsurance_candidate,holdout,clear_reinsurance_candidate,QUOTA SHARE RETROCESSION CONTRACT,txt,79835,50_250kb,Yes,Yes,Non-Life,Non-Life,Treaty,Treaty
2003-1044566-0000950137-03-001708-c74255exv10wx12y.txt,2003,2003-1044566-0000950137-03-001708-c74255exv10wx12y.txt,placement_slip_or_summary,holdout,placement_slip_or_summary;clear_reinsurance_candidate,PLACEMENT SLIP,txt,51051,50_250kb,Yes,Yes,Non-Life,Non-Life,Treaty,Treaty
2003-1061507-0001061507-03-000002-exhibit10-1.txt,2003,2003-1061507-0001061507-03-000002-exhibit10-1.txt,unrelated_agreement,development,unrelated_agreement,EXHIBIT 10.1 CREDIT AGREEMENT 02-14-03,txt,465252,250kb_1mb,No,No,NA,NA,NA,NA
2003-1065201-0000950131-03-002955-dex1017.txt,2003,2003-1065201-0000950131-03-002955-dex1017.txt,placement_slip_or_summary,development,placement_slip_or_summary;clear_reinsurance_candidate,"REINSURANCE PLACEMENT SLIP BETWEEN AMIC LTD. AND PDIC DATED JANUARY 1, 2003.",txt,8169,lt_50kb,Yes,Yes,Non-Life,Non-Life,Treaty,Treaty
2003-1069822-0001193125-03-037318-dex108.htm,2003,2003-1069822-0001193125-03-037318-dex108.htm,life_health_or_annuity,development,historical_classOfBusiness_disagreement;life_health_or_annuity,CHANGE OF CONTROL AGREEMENT APPLICABLE TO GRANT W. KUNTZ,htm,144262,50_250kb,No,No,Life,Life,NA,NA
2003-1069996-0001116502-03-001940-exhibit1027.txt,2003,2003-1069996-0001116502-03-001940-exhibit1027.txt,clear_reinsurance_candidate,holdout,clear_reinsurance_candidate,"ADDENDUM NO. 1 DATED AUGUST 8, 2002",txt,3667,lt_50kb,Yes,Yes,Non-Life,Non-Life,Treaty,Treaty
2003-1171500-0000950123-03-009440-y89152exv10w1.txt,2003,2003-1171500-0000950123-03-009440-y89152exv10w1.txt,clear_reinsurance_candidate,holdout,clear_reinsurance_candidate,TRUST AGREEMENT,txt,38891,lt_50kb,Yes,Yes,Non-Life,Non-Life,Treaty,Treaty
2003-1171500-0000950123-03-009440-y89152exv10w9.txt,2003,2003-1171500-0000950123-03-009440-y89152exv10w9.txt,amendment_or_endorsement,holdout,historical_reinsurance_disagreement;historical_contractType_disagreement;historical_obligatoryType_disagreement;historical_classOfBusiness_disagreement;amendment_or_endorsement;clear_reinsurance_candidate,LETTER AMENDMENT,txt,1832,lt_50kb,No,Yes,NA,Non-Life,NA,Treaty
2003-775368-0000950123-03-009385-y88779exv10w2.txt,2003,2003-775368-0000950123-03-009385-y88779exv10w2.txt,clear_reinsurance_candidate,development,clear_reinsurance_candidate,CONTENTS TO ACQUISITION AGREEMENT,txt,6594,lt_50kb,Yes,Yes,Non-Life,Non-Life,Treaty,Treaty
2003-775368-0000950123-03-009385-y88779exv10w42.txt,2003,2003-775368-0000950123-03-009385-y88779exv10w42.txt,historical_disagreement,holdout,historical_reinsurance_disagreement;unrelated_agreement;clear_reinsurance_candidate,STOCK PURCHASE AGREEMENT,txt,152913,50_250kb,Yes,No,Non-Life,Non-Life,Treaty,Treaty
2003-875159-0000930413-03-002466-c28973_ex10-63.htm,2003,2003-875159-0000930413-03-002466-c28973_ex10-63.htm,facultative_edge,holdout,historical_obligatoryType_disagreement;facultative_edge;clear_reinsurance_candidate,,htm,18244,lt_50kb,Yes,Yes,Non-Life,Non-Life,Facultative,Treaty
2003-875159-0000930413-03-002466-c28973_ex10-64.htm,2003,2003-875159-0000930413-03-002466-c28973_ex10-64.htm,historical_disagreement,development,historical_reinsurance_disagreement;historical_classOfBusiness_disagreement;clear_reinsurance_candidate,,htm,401841,250kb_1mb,No,Yes,Non-Life,Non-Life,NA,NA
2003-896159-0001193125-03-036448-dex102.txt,2003,2003-896159-0001193125-03-036448-dex102.txt,historical_disagreement,holdout,historical_contractType_disagreement;historical_classOfBusiness_disagreement;unrelated_agreement,"CREDIT AGREEMENT DATED MAY 22, 2003",txt,276392,250kb_1mb,No,No,NA,Non-Life,NA,NA
2003-909109-0000893220-03-001374-w89051exv10w1.htm,2003,2003-909109-0000893220-03-001374-w89051exv10w1.htm,government_scheme,holdout,historical_classOfBusiness_disagreement;government_scheme;clear_reinsurance_candidate,FLORIDA HURRICANE CATASTROPHE FUND CONTRACT,htm,168278,50_250kb,Yes,Yes,Non-Life,Non-Life,Treaty,Treaty
2003-911421-0000950130-03-002524-dex1031.htm,2003,2003-911421-0000950130-03-002524-dex1031.htm,historical_disagreement,development,historical_reinsurance_disagreement;historical_contractType_disagreement;historical_classOfBusiness_disagreement;clear_reinsurance_candidate,"SWISS SHARE PURCHASE PLAN EFFECTIVE JUNE 3, 2002",htm,82811,50_250kb,No,Yes,NA,Non-Life,NA,NA
2003-915781-0000950134-03-004591-c75577a1exv10w10w1.txt,2003,2003-915781-0000950134-03-004591-c75577a1exv10w10w1.txt,clear_reinsurance_candidate,development,clear_reinsurance_candidate,EX-10.10.1 DESCRIPTION - REINSURANCE AGREEMENT,txt,3183,lt_50kb,Yes,Yes,Non-Life,Non-Life,Treaty,Treaty
2003-935724-0000898430-03-002168-dex104.txt,2003,2003-935724-0000898430-03-002168-dex104.txt,life_health_or_annuity,development,historical_classOfBusiness_disagreement;life_health_or_annuity,"THE PMI GROUP, INC. RETIREMENT PLAN",txt,154374,50_250kb,No,No,Life,Life,NA,NA
2003-947484-0001047469-03-036935-a2121850zex-10_6.htm,2003,2003-947484-0001047469-03-036935-a2121850zex-10_6.htm,clear_reinsurance_candidate,development,clear_reinsurance_candidate,EXHIBIT 10.6,htm,13170,lt_50kb,Yes,Yes,Non-Life,Non-Life,Treaty,Treaty
2004-1010247-0001169232-04-003950-d60263_ex10xxx.htm,2004,2004-1010247-0001169232-04-003950-d60263_ex10xxx.htm,clear_reinsurance_candidate,development,clear_reinsurance_candidate,MEDICAL PROF. LIABILITY EXCSS LOSS,htm,101355,50_250kb,Yes,Yes,Non-Life,Non-Life,Treaty,Treaty
2004-1013609-0001193125-04-053663-dex1076.htm,2004,2004-1013609-0001193125-04-053663-dex1076.htm,placement_slip_or_summary,development,placement_slip_or_summary;clear_reinsurance_candidate,COVER NOTE FOR FIRST -THIRD  EXCESS OF LOSS REINSURANCE AGREEMENT,htm,60294,50_250kb,Yes,Yes,Non-Life,Non-Life,Treaty,Treaty
2004-1013609-0001193125-04-053663-dex1077.htm,2004,2004-1013609-0001193125-04-053663-dex1077.htm,placement_slip_or_summary,holdout,placement_slip_or_summary;clear_reinsurance_candidate,COVER NOTE FOR PER POLICY EXCESS OF LOSS REINSURANCE AGREEMENT,htm,24480,lt_50kb,Yes,Yes,Non-Life,Non-Life,Treaty,Treaty
2004-1174922-0001193125-04-186496-dex1015.htm,2004,2004-1174922-0001193125-04-186496-dex1015.htm,historical_disagreement,holdout,historical_reinsurance_disagreement;historical_contractType_disagreement;historical_obligatoryType_disagreement;historical_classOfBusiness_disagreement;clear_reinsurance_candidate,COMMON TERMS AGREEMENT (09/14/2004),htm,1551032,gte_1mb,No,Yes,NA,Non-Life,NA,Treaty
2004-1179929-0001193125-04-026772-dex106.htm,2004,2004-1179929-0001193125-04-026772-dex106.htm,life_health_or_annuity,development,historical_reinsurance_disagreement;historical_obligatoryType_disagreement;historical_classOfBusiness_disagreement;life_health_or_annuity;clear_reinsurance_candidate,2003-2005 CONTRACT FOR HEALTHY OPTIONS & STATE CHILDREN'S HLTH INSUR PLAN,htm,1050237,gte_1mb,No,Yes,Life,Life,NA,Treaty
2004-1273813-0001104659-04-023475-a04-8821_1ex10d16.htm,2004,2004-1273813-0001104659-04-023475-a04-8821_1ex10d16.htm,facultative_edge,development,facultative_edge;clear_reinsurance_candidate,EX-10.16,htm,429217,250kb_1mb,Yes,Yes,Non-Life,Non-Life,Facultative,Facultative
2004-1295810-0001193125-04-206085-dex10121.htm,2004,2004-1295810-0001193125-04-206085-dex10121.htm,unrelated_agreement,development,unrelated_agreement,"$150,000,000 REVOLVING CREDIT AGREEMENT",htm,571457,250kb_1mb,No,No,NA,NA,NA,NA
2004-711039-0000891618-04-000979-f97972exv10w2.txt,2004,2004-711039-0000891618-04-000979-f97972exv10w2.txt,historical_disagreement,development,historical_reinsurance_disagreement;historical_obligatoryType_disagreement;clear_reinsurance_candidate,EXHIBIT 10.2,txt,11067,lt_50kb,No,Yes,Non-Life,Non-Life,NA,Treaty
2004-822416-0000950124-04-003549-k86650exv10w1.txt,2004,2004-822416-0000950124-04-003549-k86650exv10w1.txt,amendment_or_endorsement,development,historical_contractType_disagreement;historical_classOfBusiness_disagreement;amendment_or_endorsement;unrelated_agreement,FIFTH AMENDED AND RESTATED REVOLVING CREDIT AGREEMENT,txt,360667,250kb_1mb,No,No,NA,Non-Life,NA,NA
2004-839759-0001047469-04-025900-a2141577zex-10_2.htm,2004,2004-839759-0001047469-04-025900-a2141577zex-10_2.htm,life_health_or_annuity,development,historical_classOfBusiness_disagreement;life_health_or_annuity;clear_reinsurance_candidate,EXHIBIT 10.2,htm,28558,lt_50kb,Yes,Yes,Life,Life,Treaty,Treaty
2004-885721-0000950134-04-002456-c83158exv10w34.txt,2004,2004-885721-0000950134-04-002456-c83158exv10w34.txt,unrelated_agreement,development,unrelated_agreement,CREDIT AGREEMENT,txt,412638,250kb_1mb,No,No,NA,NA,NA,NA
2004-909109-0000893220-04-001658-w99802exv10w2.txt,2004,2004-909109-0000893220-04-001658-w99802exv10w2.txt,government_scheme,development,historical_classOfBusiness_disagreement;government_scheme;amendment_or_endorsement;clear_reinsurance_candidate,FLORIDA HURRICANE CATASTROPHE FUND AMENDED REINSURANCE CONTRACT 6/1/04,txt,83625,50_250kb,Yes,Yes,Non-Life,Non-Life,Treaty,Treaty
2004-909109-0000893220-04-002402-w68436exv10w17.txt,2004,2004-909109-0000893220-04-002402-w68436exv10w17.txt,placement_slip_or_summary,development,placement_slip_or_summary;clear_reinsurance_candidate,THIRD CATASTROPHE CONTRACT PLACEMENT SLIP,txt,47401,lt_50kb,Yes,Yes,Non-Life,Non-Life,Treaty,Treaty
2004-909109-0000893220-04-002402-w68436exv10w19.txt,2004,2004-909109-0000893220-04-002402-w68436exv10w19.txt,placement_slip_or_summary,development,historical_classOfBusiness_disagreement;placement_slip_or_summary;clear_reinsurance_candidate,$50 MIL EXCESS OF $140 MIL PLACEMENT SLIP,txt,66753,50_250kb,Yes,Yes,Non-Life,Non-Life,Treaty,Treaty
2004-909109-0000893220-04-002402-w68436exv10w20.txt,2004,2004-909109-0000893220-04-002402-w68436exv10w20.txt,placement_slip_or_summary,development,historical_classOfBusiness_disagreement;placement_slip_or_summary;clear_reinsurance_candidate,$5 MIL EXCESS OF $190 MIL PLACEMENT SLIP,txt,62111,50_250kb,Yes,Yes,Non-Life,Non-Life,Treaty,Treaty
2004-909109-0000893220-04-002402-w68436exv10w21.txt,2004,2004-909109-0000893220-04-002402-w68436exv10w21.txt,placement_slip_or_summary,development,historical_classOfBusiness_disagreement;placement_slip_or_summary;clear_reinsurance_candidate,$45.0 MIL EXCESS OF $195 MIL PLACEMENT SLIP,txt,65745,50_250kb,Yes,Yes,Non-Life,Non-Life,Treaty,Treaty
2004-909109-0000893220-04-002402-w68436exv10w22.txt,2004,2004-909109-0000893220-04-002402-w68436exv10w22.txt,placement_slip_or_summary,holdout,historical_classOfBusiness_disagreement;placement_slip_or_summary;clear_reinsurance_candidate,$6.5 MIL EXCESS OF 3.5 MIL FIFTH EVENT PLACEMENT SLIP,txt,48467,lt_50kb,Yes,Yes,Non-Life,Non-Life,Treaty,Treaty
2004-909109-0000893220-04-002402-w68436exv10w4.txt,2004,2004-909109-0000893220-04-002402-w68436exv10w4.txt,facultative_edge,development,historical_classOfBusiness_disagreement;facultative_edge;clear_reinsurance_candidate,CASUALTY SEMI-AUTOMATIC FACULTATIVE EXCESS OF LOSS,txt,6459,lt_50kb,Yes,Yes,Non-Life,Non-Life,Facultative,Facultative
2004-909109-0000893220-04-002402-w68436exv10w5.txt,2004,2004-909109-0000893220-04-002402-w68436exv10w5.txt,facultative_edge,development,facultative_edge;clear_reinsurance_candidate,CASUALTY AUTOMATIC FACULTATIVE CERTIFICATE,txt,22957,lt_50kb,Yes,Yes,Non-Life,Non-Life,Treaty,Treaty
2004-909109-0000893220-04-002402-w68436exv10w6.txt,2004,2004-909109-0000893220-04-002402-w68436exv10w6.txt,clear_reinsurance_candidate,holdout,clear_reinsurance_candidate,FL HURRICANE FUND CONTRACT (LIBERTY AMERICAN),txt,80803,50_250kb,Yes,,Non-Life,,Treaty,
2004-910110-0000950159-04-000965-exhibit10-5.txt,2004,2004-910110-0000950159-04-000965-exhibit10-5.txt,clear_reinsurance_candidate,development,clear_reinsurance_candidate,EXHIBIT 10.5,txt,8641,lt_50kb,Yes,Yes,Non-Life,Non-Life,Treaty,Treaty
2004-910110-0000950159-04-000965-exhibit10-9.txt,2004,2004-910110-0000950159-04-000965-exhibit10-9.txt,clear_reinsurance_candidate,development,clear_reinsurance_candidate,EXHIBIT 10.9,txt,2240,lt_50kb,Yes,Yes,Non-Life,Non-Life,Treaty,Treaty
2004-915781-0000950134-04-004351-c83745exv10w8w3.txt,2004,2004-915781-0000950134-04-004351-c83745exv10w8w3.txt,clear_reinsurance_candidate,holdout,clear_reinsurance_candidate,DESCRIPTION OF THE REINSURANCE AGREEMENT,txt,2795,lt_50kb,Yes,Yes,Non-Life,Non-Life,Treaty,Treaty
2005-1013609-0001193125-05-052496-dex1083.htm,2005,2005-1013609-0001193125-05-052496-dex1083.htm,placement_slip_or_summary,development,placement_slip_or_summary;clear_reinsurance_candidate,COVER NOTE FOR FIRST - THRID EXCESS OF LOSS REINSURANCE,htm,83462,50_250kb,Yes,Yes,Non-Life,Non-Life,Treaty,Treaty
2005-1044566-0000950137-05-002491-c92567exv10w19.txt,2005,2005-1044566-0000950137-05-002491-c92567exv10w19.txt,clear_reinsurance_candidate,development,clear_reinsurance_candidate,SERVICES AND INDEMNITY AGREEMENT,txt,18447,lt_50kb,Yes,Yes,Non-Life,Non-Life,Treaty,Treaty
2005-1063697-0001193125-05-163800-dex107.htm,2005,2005-1063697-0001193125-05-163800-dex107.htm,facultative_edge,development,historical_reinsurance_disagreement;historical_obligatoryType_disagreement;facultative_edge;clear_reinsurance_candidate,INSURANCE AND INDEMNITY AGREEMENT,htm,300067,250kb_1mb,No,Yes,Non-Life,Non-Life,Facultative,NA
2005-1079577-0001193125-05-161247-dex1022.htm,2005,2005-1079577-0001193125-05-161247-dex1022.htm,amendment_or_endorsement,development,historical_contractType_disagreement;historical_classOfBusiness_disagreement;amendment_or_endorsement;clear_reinsurance_candidate;life_health_or_annuity,AMENDMENT TO GROUP DISABILITY INCOME REINSURANCE AGREEMENT,htm,8985,lt_50kb,Yes,Yes,Life,Non-Life,Treaty,Treaty
2005-1133016-0000909567-05-000588-t15824exv10w19.htm,2005,2005-1133016-0000909567-05-000588-t15824exv10w19.htm,historical_disagreement,development,historical_reinsurance_disagreement;historical_obligatoryType_disagreement;historical_classOfBusiness_disagreement;clear_reinsurance_candidate,EX-10.19,htm,7116,lt_50kb,No,Yes,Non-Life,Non-Life,NA,Treaty
2005-1138951-0001193125-05-221456-dex1038.htm,2005,2005-1138951-0001193125-05-221456-dex1038.htm,unrelated_agreement,development,unrelated_agreement,CREDIT AGREEMENT,htm,687839,250kb_1mb,No,No,NA,NA,NA,NA
2005-1272957-0001272957-05-000038-quotashare.htm,2005,2005-1272957-0001272957-05-000038-quotashare.htm,historical_disagreement,development,historical_classOfBusiness_disagreement;clear_reinsurance_candidate,AGREEMENT TO TERMINATE AND COMMUTE THE 2005-2006 QUOTA SHARE REINSURANCE CONTRACT,htm,11822,lt_50kb,Yes,Yes,Non-Life,Non-Life,Treaty,Treaty
2005-352736-0001047469-05-006788-a2153114zex-10_23.txt,2005,2005-352736-0001047469-05-006788-a2153114zex-10_23.txt,life_health_or_annuity,holdout,life_health_or_annuity;clear_reinsurance_candidate,EXHIBIT 10.23,txt,36995,lt_50kb,Yes,Yes,Life,Life,Treaty,Treaty
2005-909109-0000893220-05-001985-w11543exv10w2.htm,2005,2005-909109-0000893220-05-001985-w11543exv10w2.htm,clear_reinsurance_candidate,development,clear_reinsurance_candidate,"65% FLORIDA ONLY THIRD AND FOURTH EVENT EXCESS CATASTROPHE REINSURANCE CONTRACT EFFECTIVE SEPTEMBER 1, 2004",htm,232999,50_250kb,Yes,,Non-Life,,Treaty,
2005-909109-0000893220-05-001985-w11543exv10w3.htm,2005,2005-909109-0000893220-05-001985-w11543exv10w3.htm,historical_disagreement,holdout,historical_classOfBusiness_disagreement;clear_reinsurance_candidate,"$45 MILLION EXCESS OF $195 MILLION FLORIDA ONLY CATASTROPHE REINSURANCE CONTRACT EFFECTIVE SEPTEMBER 10, 2004",htm,191038,50_250kb,Yes,Yes,Non-Life,Non-Life,Treaty,Treaty
2006-1002517-0000950135-06-003380-b60616ncexv10w1.txt,2006,2006-1002517-0000950135-06-003380-b60616ncexv10w1.txt,unrelated_agreement,development,unrelated_agreement,"EX-10.1 CREDIT AGREEMENT, DATED MARCH 31, 2006",txt,445150,250kb_1mb,No,No,NA,NA,NA,NA
2006-1018979-0000950134-06-005830-d32117exv10w19.htm,2006,2006-1018979-0000950134-06-005830-d32117exv10w19.htm,clear_reinsurance_candidate,development,clear_reinsurance_candidate,FORM OF THIRD CASUALTY EXCESS OF LOSS REINSURANCE CONTRACT,htm,177336,50_250kb,Yes,Yes,Non-Life,Non-Life,Treaty,Treaty
2006-1097864-0001193125-06-036587-dex1024.htm,2006,2006-1097864-0001193125-06-036587-dex1024.htm,amendment_or_endorsement,development,historical_classOfBusiness_disagreement;amendment_or_endorsement,AMENDMENT AND RESTATEMENT AGREEMENT,htm,43537,lt_50kb,No,No,NA,NA,NA,NA
2006-1227654-0000950137-06-002198-c01762exv10w10.htm,2006,2006-1227654-0000950137-06-002198-c01762exv10w10.htm,unrelated_agreement,development,unrelated_agreement,CREDIT AGREEMENT,htm,851900,250kb_1mb,No,No,NA,NA,NA,NA
2006-1264242-0000950136-06-002636-file004.htm,2006,2006-1264242-0000950136-06-002636-file004.htm,placement_slip_or_summary,holdout,historical_classOfBusiness_disagreement;placement_slip_or_summary;clear_reinsurance_candidate,TECHNICAL PROPERTY BINDER OF REINSURANCE,htm,5497,lt_50kb,Yes,Yes,Non-Life,Non-Life,Treaty,Treaty
2006-1264242-0000950136-06-002636-file005.htm,2006,2006-1264242-0000950136-06-002636-file005.htm,placement_slip_or_summary,development,historical_classOfBusiness_disagreement;placement_slip_or_summary;clear_reinsurance_candidate,TREATY PROPERTY REINSURANCE BINDER,htm,10142,lt_50kb,Yes,Yes,Non-Life,Non-Life,Treaty,Treaty
2006-1289728-0001193125-06-076909-dex1018.htm,2006,2006-1289728-0001193125-06-076909-dex1018.htm,unrelated_agreement,holdout,unrelated_agreement,CREDIT AGREEMENT DATED 11/18/2005,htm,688219,250kb_1mb,No,No,NA,NA,NA,NA
2006-1358164-0000930413-06-006737-c44219_ex10-18.txt,2006,2006-1358164-0000930413-06-006737-c44219_ex10-18.txt,facultative_edge,holdout,facultative_edge;clear_reinsurance_candidate,,txt,4196,lt_50kb,Yes,Yes,Non-Life,Non-Life,Facultative,Facultative
2006-1358164-0000930413-06-006737-c44219_ex10-20.txt,2006,2006-1358164-0000930413-06-006737-c44219_ex10-20.txt,facultative_edge,holdout,facultative_edge;clear_reinsurance_candidate,,txt,58299,50_250kb,Yes,Yes,Non-Life,Non-Life,Facultative,Facultative
2006-877355-0000877355-06-000029-ex10-1creditagr.htm,2006,2006-877355-0000877355-06-000029-ex10-1creditagr.htm,facultative_edge,development,historical_reinsurance_disagreement;historical_contractType_disagreement;historical_obligatoryType_disagreement;historical_classOfBusiness_disagreement;unrelated_agreement;facultative_edge;clear_reinsurance_candidate,EX 10.1 CREDIT AGREEMENT,htm,916566,250kb_1mb,No,Yes,NA,Non-Life,NA,Facultative
2006-909109-0000893220-06-001096-w20583exv10w2.txt,2006,2006-909109-0000893220-06-001096-w20583exv10w2.txt,clear_reinsurance_candidate,development,clear_reinsurance_candidate,"EXCESS REINSURANCE CONTRACT EFFECTIVE JUNE 1,2005",txt,135970,50_250kb,Yes,Yes,Non-Life,Non-Life,Treaty,Treaty
2006-909109-0000893220-06-002390-w26495exv10w10.txt,2006,2006-909109-0000893220-06-002390-w26495exv10w10.txt,government_scheme,development,historical_classOfBusiness_disagreement;government_scheme;clear_reinsurance_candidate,FLORIDA HURRICANE CATASTROPHE FUND REIMBURSEMENT CONTRACT,txt,104185,50_250kb,Yes,Yes,Non-Life,Non-Life,Treaty,Treaty
2006-909109-0000893220-06-002390-w26495exv10w9.txt,2006,2006-909109-0000893220-06-002390-w26495exv10w9.txt,government_scheme,development,historical_classOfBusiness_disagreement;government_scheme;clear_reinsurance_candidate,FLORIDA HURRICANE CATASTROPHE FUND REIMBURSEMENT CONTRACT,txt,98695,50_250kb,Yes,Yes,Non-Life,Non-Life,Treaty,Treaty
2006-913144-0000950136-06-006234-file2.htm,2006,2006-913144-0000950136-06-006234-file2.htm,amendment_or_endorsement,holdout,amendment_or_endorsement;clear_reinsurance_candidate,SECOND AMENDMENT AGREEMENT,htm,11007,lt_50kb,Yes,Yes,Non-Life,Non-Life,Treaty,Treaty
2007-1064122-0000898080-07-000263-ex10-60.txt,2007,2007-1064122-0000898080-07-000263-ex10-60.txt,unrelated_agreement,development,unrelated_agreement,EMPLOYMENT AGREEMENT - MEREDITH RATAJCZAK,txt,39271,lt_50kb,No,No,NA,NA,NA,NA
2007-1179929-0001193125-07-054663-dex1022.htm,2007,2007-1179929-0001193125-07-054663-dex1022.htm,life_health_or_annuity,development,life_health_or_annuity,"OHIO MEDICAID MEDICAL ASSISTANCE PROVIDER AGREEMENT  FOR AGED, BLIND & DISABLED",htm,1035489,gte_1mb,No,No,Life,Life,NA,NA
2007-1364727-0000950123-07-013972-y40961exv10w1.htm,2007,2007-1364727-0000950123-07-013972-y40961exv10w1.htm,unrelated_agreement,development,unrelated_agreement,EX-10.1: TERM LOAN CREDIT AGREEMENT,htm,503374,250kb_1mb,No,,NA,,NA,
2007-743532-0001193125-07-108045-dex101.htm,2007,2007-743532-0001193125-07-108045-dex101.htm,amendment_or_endorsement,development,amendment_or_endorsement;clear_reinsurance_candidate,THIRD AMENDMENT TO POOLING AGREEMENT,htm,17397,lt_50kb,Yes,Yes,Non-Life,Non-Life,Treaty,Treaty
2007-837010-0000837276-07-000142-exhibit_10i.htm,2007,2007-837010-0000837276-07-000142-exhibit_10i.htm,life_health_or_annuity,holdout,life_health_or_annuity;clear_reinsurance_candidate,,htm,58401,50_250kb,Yes,Yes,Life,Life,Treaty,Treaty
2007-84129-0001104659-07-053528-a07-17021_1ex10d2.htm,2007,2007-84129-0001104659-07-053528-a07-17021_1ex10d2.htm,historical_disagreement,holdout,historical_contractType_disagreement;historical_classOfBusiness_disagreement,EX-10.2,htm,2233866,gte_1mb,No,No,NA,Non-Life,NA,NA
2007-909109-0000893220-07-003552-w41777exv10w11.htm,2007,2007-909109-0000893220-07-003552-w41777exv10w11.htm,government_scheme,development,historical_classOfBusiness_disagreement;government_scheme;clear_reinsurance_candidate,FLORIDA HURRICANE CATASTROPHE FUND REIMBURSEMENT CONTRACT,htm,303790,250kb_1mb,Yes,Yes,Non-Life,Non-Life,Treaty,Treaty
2007-909109-0000893220-07-003552-w41777exv10w12.htm,2007,2007-909109-0000893220-07-003552-w41777exv10w12.htm,government_scheme,development,historical_classOfBusiness_disagreement;government_scheme;clear_reinsurance_candidate,FLORIDA HURRICANE CATASTROPHE FUND REIMBURSEMENT CONTRACT,htm,278794,250kb_1mb,Yes,Yes,Non-Life,Non-Life,Treaty,Treaty
2008-1045829-0001045829-08-000022-exhibit10_1.htm,2008,2008-1045829-0001045829-08-000022-exhibit10_1.htm,life_health_or_annuity,holdout,historical_contractType_disagreement;life_health_or_annuity;clear_reinsurance_candidate,,htm,808321,250kb_1mb,Yes,Yes,Life,Non-Life,Treaty,Treaty
2008-1064863-0000950133-08-003445-w71300exv10w2.htm,2008,2008-1064863-0000950133-08-003445-w71300exv10w2.htm,life_health_or_annuity,development,historical_reinsurance_disagreement;historical_obligatoryType_disagreement;life_health_or_annuity;clear_reinsurance_candidate,EX-10.2,htm,1145543,gte_1mb,No,Yes,Life,Life,NA,Treaty
2008-1082084-0000950137-08-003662-c24786exv10w29.htm,2008,2008-1082084-0000950137-08-003662-c24786exv10w29.htm,other,development,random_other,STOCK PLEDGE AND SECURITY AGREEMENT,htm,27487,lt_50kb,No,No,NA,NA,NA,NA
2008-1171662-0000950144-08-007939-g16291exv10w1.htm,2008,2008-1171662-0000950144-08-007939-g16291exv10w1.htm,life_health_or_annuity,development,life_health_or_annuity,EX-10.1,htm,116600,50_250kb,No,No,Life,Life,NA,NA
2008-1282543-0001193125-08-058007-dex1030.htm,2008,2008-1282543-0001193125-08-058007-dex1030.htm,amendment_or_endorsement,development,historical_reinsurance_disagreement;historical_contractType_disagreement;historical_obligatoryType_disagreement;historical_classOfBusiness_disagreement;amendment_or_endorsement;unrelated_agreement;clear_reinsurance_candidate,SECOND AMENDMENT TO CREDIT AGREEMENT AND GUARANTEE AND COLLATERAL AGREEMENT,htm,42820,lt_50kb,No,Yes,NA,Non-Life,NA,Treaty
2008-1400810-0001193125-08-233756-dex1020.htm,2008,2008-1400810-0001193125-08-233756-dex1020.htm,government_scheme,development,historical_reinsurance_disagreement;historical_classOfBusiness_disagreement;government_scheme;clear_reinsurance_candidate,REIMBURSEMENT CONTRACT,htm,277134,250kb_1mb,No,Yes,Non-Life,Non-Life,Treaty,Treaty
2008-929887-0000950153-08-000585-p75104exv10w3.htm,2008,2008-929887-0000950153-08-000585-p75104exv10w3.htm,facultative_edge,development,historical_obligatoryType_disagreement;historical_classOfBusiness_disagreement;facultative_edge,EX-10.3,htm,45910,lt_50kb,No,No,Non-Life,Non-Life,Facultative,NA
2009-1105055-0001362310-09-002804-c81453exv10w79.htm,2009,2009-1105055-0001362310-09-002804-c81453exv10w79.htm,life_health_or_annuity,holdout,historical_reinsurance_disagreement;historical_obligatoryType_disagreement;life_health_or_annuity;clear_reinsurance_candidate,EXHIBIT 10.79,htm,74738,50_250kb,No,Yes,Life,Life,NA,Treaty
2009-1401521-0001193125-09-174461-dex102.htm,2009,2009-1401521-0001193125-09-174461-dex102.htm,government_scheme,holdout,historical_classOfBusiness_disagreement;government_scheme;clear_reinsurance_candidate,FORM OF FLORIDA HURRICANE CATASTROPHE FUND,htm,360369,250kb_1mb,Yes,Yes,Non-Life,Non-Life,Treaty,Treaty
2009-783603-0000783603-09-000035-asrrgamrepma.htm,2009,2009-783603-0000783603-09-000035-asrrgamrepma.htm,amendment_or_endorsement,development,amendment_or_endorsement;clear_reinsurance_candidate,10.3 AMENDED AND RESTATED PROGRAM MGMT AGREEMENT BETWEEN ASIS AND ASRRG DATED 1,htm,72406,50_250kb,Yes,Yes,Non-Life,Non-Life,Treaty,Treaty
2009-783603-0000783603-09-000035-asrrgmasagmt.htm,2009,2009-783603-0000783603-09-000035-asrrgmasagmt.htm,unrelated_agreement,development,unrelated_agreement,10.6 PROFESSIONAL AND ADMINISTRATIVE SERVICES AGREEMENT BETWEEN ASAS AND ASRRG,htm,90769,50_250kb,No,No,Non-Life,Non-Life,NA,NA
2009-875159-0000930413-09-004053-c58383_ex10-10.htm,2009,2009-875159-0000930413-09-004053-c58383_ex10-10.htm,facultative_edge,development,historical_obligatoryType_disagreement;facultative_edge;clear_reinsurance_candidate,,htm,1265085,gte_1mb,Yes,Yes,Non-Life,Non-Life,Facultative,Treaty
2010-1322705-0001193125-10-030707-dex1069.htm,2010,2010-1322705-0001193125-10-030707-dex1069.htm,unrelated_agreement,holdout,unrelated_agreement,CREDIT AGREEMENT,htm,912526,250kb_1mb,No,No,NA,NA,NA,NA
2010-748015-0001047469-10-003072-a2197639zex-10_19.htm,2010,2010-748015-0001047469-10-003072-a2197639zex-10_19.htm,other,holdout,random_other,EXHIBIT 10.19,htm,1331777,gte_1mb,No,,NA,,NA,
2010-792013-0001116502-10-000198-hgic_ex10m1.htm,2010,2010-792013-0001116502-10-000198-hgic_ex10m1.htm,amendment_or_endorsement,development,historical_classOfBusiness_disagreement;amendment_or_endorsement;clear_reinsurance_candidate,AMENDMENT TO MANAGEMENT AGREEMENT,htm,12067,lt_50kb,Yes,Yes,Non-Life,Non-Life,Treaty,Treaty
2010-874501-0001193125-10-260796-dex101.htm,2010,2010-874501-0001193125-10-260796-dex101.htm,facultative_edge,development,historical_reinsurance_disagreement;historical_obligatoryType_disagreement;unrelated_agreement;facultative_edge;clear_reinsurance_candidate,"SETTLEMENT AGREEMENT, DATED AS OF JUNE 7, 2010",htm,426871,250kb_1mb,No,Yes,Non-Life,Non-Life,Facultative,Treaty
2010-882235-0001193125-10-040472-dex1043.htm,2010,2010-882235-0001193125-10-040472-dex1043.htm,amendment_or_endorsement,development,historical_contractType_disagreement;amendment_or_endorsement;unrelated_agreement,AMENDED AND RESTATED CREDIT AGREEMENT,htm,1017088,gte_1mb,No,No,Non-Life,NA,NA,NA
2011-1093430-0001038838-11-000010-ex1045k093010.htm,2011,2011-1093430-0001038838-11-000010-ex1045k093010.htm,other,development,random_other,,htm,455022,250kb_1mb,No,No,NA,NA,NA,NA
2011-1096142-0001193125-11-302660-d214425dex102.htm,2011,2011-1096142-0001193125-11-302660-d214425dex102.htm,unrelated_agreement,holdout,unrelated_agreement,SENIOR SECURED CREDIT AGREEMENT,htm,2683141,gte_1mb,No,No,NA,NA,NA,NA
2011-1400810-0001193125-11-221350-dex1019.htm,2011,2011-1400810-0001193125-11-221350-dex1019.htm,government_scheme,holdout,historical_reinsurance_disagreement;historical_classOfBusiness_disagreement;government_scheme;clear_reinsurance_candidate,"REIMBURSEMENT CONTRACT EFFECTIVE JUNE 1, 2011 BETWEEN HOMEOWNERS CHOICE PROPERTY",htm,211092,50_250kb,No,Yes,Non-Life,Non-Life,Treaty,Treaty
2011-1412100-0001144204-11-014466-v214182_ex10-16.htm,2011,2011-1412100-0001144204-11-014466-v214182_ex10-16.htm,historical_disagreement,holdout,historical_reinsurance_disagreement;historical_obligatoryType_disagreement;clear_reinsurance_candidate,,htm,33129,lt_50kb,No,Yes,Non-Life,Non-Life,NA,Treaty
2011-18169-0001193125-11-315791-d254843dex101.htm,2011,2011-18169-0001193125-11-315791-d254843dex101.htm,unrelated_agreement,development,unrelated_agreement,"CREDIT AGREEMENT, DATED AS OF MARCH 28, 2003",htm,2225791,gte_1mb,No,No,NA,NA,NA,NA
2011-25600-0000025600-11-000014-executiveseveranceplan.htm,2011,2011-25600-0000025600-11-000014-executiveseveranceplan.htm,other,development,random_other,SLFI EXECUTIVE SEVERANCE PLAN,htm,122009,50_250kb,No,No,NA,NA,NA,NA
2011-909954-0001193125-11-023163-dex101.htm,2011,2011-909954-0001193125-11-023163-dex101.htm,unrelated_agreement,holdout,unrelated_agreement,"CREDIT AGREEMENT DATED AS OF DECEMBER 17, 2010",htm,1501801,gte_1mb,No,No,NA,NA,NA,NA
2012-1297996-0001193125-12-082659-d263690dex1012.htm,2012,2012-1297996-0001193125-12-082659-d263690dex1012.htm,amendment_or_endorsement,development,historical_classOfBusiness_disagreement;amendment_or_endorsement,AMENDED AND RESTATED NOTE PURCHASE AND PRIVATE SHELF AGREEMENT,htm,660156,250kb_1mb,No,No,NA,NA,NA,NA
2012-1320947-0001193125-12-470647-d438164dex1020.htm,2012,2012-1320947-0001193125-12-470647-d438164dex1020.htm,unrelated_agreement,holdout,unrelated_agreement,CREDIT AGREEMENT,htm,1284546,gte_1mb,No,No,NA,NA,NA,NA
2012-1400810-0001193125-12-355555-d357819dex1014.htm,2012,2012-1400810-0001193125-12-355555-d357819dex1014.htm,historical_disagreement,holdout,historical_classOfBusiness_disagreement;clear_reinsurance_candidate,EX-10.14,htm,129571,50_250kb,Yes,Yes,Non-Life,Non-Life,Treaty,Treaty
2012-1401521-0001401521-12-000005-exh101231dec11.htm,2012,2012-1401521-0001401521-12-000005-exh101231dec11.htm,government_scheme,holdout,government_scheme;clear_reinsurance_candidate,CATASTROPHE EXCESS OF LOSS REINSURANCE AGREEMENT WITH THE FLORIDA HURRICANE CATASTROPHE FUND,htm,370355,250kb_1mb,Yes,Yes,Non-Life,Non-Life,Treaty,Treaty
2012-869187-0001165195-12-000021-JLT_SparesLiabBinder.htm,2012,2012-869187-0001165195-12-000021-JLT_SparesLiabBinder.htm,placement_slip_or_summary,development,historical_reinsurance_disagreement;historical_obligatoryType_disagreement;placement_slip_or_summary;clear_reinsurance_candidate,EXHIBIT 10.11 JLT INSURANCE BINDER SPARES AND LIABILITY,htm,14704,lt_50kb,No,Yes,Non-Life,Non-Life,NA,Treaty
2012-911421-0001193125-12-211513-d343029dex103.htm,2012,2012-911421-0001193125-12-211513-d343029dex103.htm,historical_disagreement,development,historical_reinsurance_disagreement;unrelated_agreement;clear_reinsurance_candidate,EMPLOYMENT AGREEMENT,htm,83829,50_250kb,No,Yes,NA,NA,NA,NA
2012-949156-0001140361-12-016007-ex10_39.htm,2012,2012-949156-0001140361-12-016007-ex10_39.htm,facultative_edge,development,historical_obligatoryType_disagreement;historical_classOfBusiness_disagreement;facultative_edge,EXHIBIT 10.39,htm,107303,50_250kb,No,No,Non-Life,Non-Life,Facultative,NA
2013-1048268-0001193125-13-215581-d535788dex101.htm,2013,2013-1048268-0001193125-13-215581-d535788dex101.htm,facultative_edge,development,historical_reinsurance_disagreement;historical_obligatoryType_disagreement;facultative_edge;clear_reinsurance_candidate,EX-10.1,htm,117773,50_250kb,No,Yes,Non-Life,Non-Life,Facultative,Treaty
2013-1179755-0001193125-13-083986-d491455dex1020.htm,2013,2013-1179755-0001193125-13-083986-d491455dex1020.htm,other,development,random_other,EX-10.20,htm,105380,50_250kb,No,,NA,,NA,
2013-1400810-0001193125-13-324187-d542622dex103.htm,2013,2013-1400810-0001193125-13-324187-d542622dex103.htm,government_scheme,development,historical_classOfBusiness_disagreement;government_scheme;clear_reinsurance_candidate,REIMBURSEMENT CONTRACT,htm,126881,50_250kb,Yes,Yes,Non-Life,Non-Life,Treaty,Treaty
2013-1400810-0001193125-13-324187-d542622dex108.htm,2013,2013-1400810-0001193125-13-324187-d542622dex108.htm,government_scheme,holdout,historical_classOfBusiness_disagreement;government_scheme;clear_reinsurance_candidate,ADDENDUM NO. 1 TO REIMBURSEMENT CONTRACT,htm,32937,lt_50kb,Yes,Yes,Non-Life,Non-Life,Treaty,Treaty
2013-31235-0001193125-13-438254-d613176dex106.htm,2013,2013-31235-0001193125-13-438254-d613176dex106.htm,other,holdout,random_other,EX-10.6,htm,1565442,gte_1mb,No,No,NA,NA,NA,NA
2013-746514-0001104659-13-062659-a13-13942_1ex10d1.htm,2013,2013-746514-0001104659-13-062659-a13-13942_1ex10d1.htm,facultative_edge,holdout,historical_contractType_disagreement;historical_obligatoryType_disagreement;historical_classOfBusiness_disagreement;facultative_edge,EX-10.1,htm,818020,250kb_1mb,No,No,NA,Non-Life,NA,Facultative
2013-802967-0000802967-13-000015-side-33013xex101.htm,2013,2013-802967-0000802967-13-000015-side-33013xex101.htm,other,development,random_other,EXHIBIT 10.1,htm,3670884,gte_1mb,No,No,NA,NA,NA,NA
2014-1276520-0001193125-14-287107-d743121dex102.htm,2014,2014-1276520-0001193125-14-287107-d743121dex102.htm,historical_disagreement,development,historical_reinsurance_disagreement;historical_contractType_disagreement;historical_obligatoryType_disagreement;historical_classOfBusiness_disagreement;clear_reinsurance_candidate,EX-10.2,htm,623088,250kb_1mb,No,Yes,NA,Non-Life,NA,Treaty
2014-1400810-0001193125-14-298201-d725400dex103.htm,2014,2014-1400810-0001193125-14-298201-d725400dex103.htm,government_scheme,development,historical_classOfBusiness_disagreement;government_scheme;clear_reinsurance_candidate,REIMBURSEMENT CONTRACT,htm,230075,50_250kb,Yes,Yes,Non-Life,Non-Life,Treaty,Treaty
2014-1598665-0001193125-14-298331-d743593dex103.htm,2014,2014-1598665-0001193125-14-298331-d743593dex103.htm,clear_reinsurance_candidate,holdout,clear_reinsurance_candidate,CONTRACT,htm,186031,50_250kb,Yes,Yes,Non-Life,Non-Life,Treaty,Treaty
2014-355429-0001104659-14-058830-a14-14084_1ex10da.htm,2014,2014-355429-0001104659-14-058830-a14-14084_1ex10da.htm,life_health_or_annuity,development,life_health_or_annuity;clear_reinsurance_candidate,EX-10.(A),htm,2411285,gte_1mb,Yes,,Life,,Treaty,
2014-701869-0000701869-14-000021-ihc1q2014_ex10z1.htm,2014,2014-701869-0000701869-14-000021-ihc1q2014_ex10z1.htm,life_health_or_annuity,development,historical_classOfBusiness_disagreement;life_health_or_annuity;clear_reinsurance_candidate,EXHIBIT 10.1,htm,269548,250kb_1mb,Yes,Yes,Life,Life,Treaty,Treaty
2015-1018979-0001193125-15-069873-d838456dex1031.htm,2015,2015-1018979-0001193125-15-069873-d838456dex1031.htm,clear_reinsurance_candidate,development,clear_reinsurance_candidate,EX-10.31,htm,546639,250kb_1mb,Yes,,Non-Life,,Treaty,
2015-1069996-0001140361-15-040238-ex10_1.htm,2015,2015-1069996-0001140361-15-040238-ex10_1.htm,historical_disagreement,development,historical_classOfBusiness_disagreement;clear_reinsurance_candidate,EXHIBIT 10.1,htm,696536,250kb_1mb,Yes,Yes,Non-Life,Non-Life,Treaty,Treaty
2015-1214816-0001214816-15-000012-axs2014ex1013.htm,2015,2015-1214816-0001214816-15-000012-axs2014ex1013.htm,unrelated_agreement,development,unrelated_agreement,EMPLOYMENT AGREEMENT CHRIS DISIPIO,htm,153330,50_250kb,No,No,NA,NA,NA,NA
2015-1273813-0001273813-15-000019-ago-03312015x10qex102.htm,2015,2015-1273813-0001273813-15-000019-ago-03312015x10qex102.htm,other,holdout,random_other,EXHIBIT 10.2,htm,92788,50_250kb,No,No,NA,NA,NA,NA
2015-1279363-0001279363-15-000012-gaamd12.htm,2015,2015-1279363-0001279363-15-000012-gaamd12.htm,amendment_or_endorsement,development,amendment_or_endorsement;life_health_or_annuity,GEORGIA MEDICAID CONTRACT AMENDMENT NO. 12,htm,4350692,gte_1mb,No,No,Life,Life,NA,NA
2015-1609234-0001609234-15-000020-ex1020.htm,2015,2015-1609234-0001609234-15-000020-ex1020.htm,facultative_edge,holdout,historical_contractType_disagreement;historical_obligatoryType_disagreement;facultative_edge,EXHIBIT 10.20,htm,63315,50_250kb,No,No,NA,Non-Life,NA,Facultative
2016-1069996-0001562762-16-000453-c996-20160930xex10_5.htm,2016,2016-1069996-0001562762-16-000453-c996-20160930xex10_5.htm,clear_reinsurance_candidate,holdout,clear_reinsurance_candidate,EX-10.5,htm,245383,50_250kb,Yes,Yes,Non-Life,Non-Life,Treaty,Treaty
2016-1299969-0001193125-16-767914-d246534dex10103.htm,2016,2016-1299969-0001193125-16-767914-d246534dex10103.htm,historical_disagreement,development,historical_contractType_disagreement;historical_classOfBusiness_disagreement,EX-10.103,htm,149206,50_250kb,No,No,Non-Life,NA,NA,NA
2016-1363829-0001628280-16-011966-ex-1041.htm,2016,2016-1363829-0001628280-16-011966-ex-1041.htm,clear_reinsurance_candidate,development,clear_reinsurance_candidate,EXHIBIT 10.41,htm,46112,lt_50kb,Yes,Yes,Non-Life,Non-Life,Treaty,Treaty
2016-1400810-0001193125-16-670071-d190243dex103.htm,2016,2016-1400810-0001193125-16-670071-d190243dex103.htm,government_scheme,development,historical_classOfBusiness_disagreement;government_scheme;clear_reinsurance_candidate,REIMBURSEMENT CONTRACT,htm,211801,50_250kb,Yes,Yes,Non-Life,Non-Life,Treaty,Treaty
2016-798359-0001558370-16-010506-iret-20161031ex10537ff37.htm,2016,2016-798359-0001558370-16-010506-iret-20161031ex10537ff37.htm,historical_disagreement,development,historical_contractType_disagreement;historical_classOfBusiness_disagreement,EX-10.5,htm,524025,250kb_1mb,No,No,NA,Non-Life,NA,NA
2017-80661-0000080661-17-000012-exhibit1030123116.htm,2017,2017-80661-0000080661-17-000012-exhibit1030123116.htm,historical_disagreement,development,historical_contractType_disagreement,EXHIBIT 10.30,htm,37189,lt_50kb,No,No,NA,Non-Life,NA,NA
2017-947484-0000947484-17-000055-ex105optionagreement.htm,2017,2017-947484-0000947484-17-000055-ex105optionagreement.htm,other,development,random_other,EX 10.5 OPTION AGREEMENT,htm,35784,lt_50kb,No,No,NA,NA,NA,NA
2017-947484-0000947484-17-000097-ex102793017.htm,2017,2017-947484-0000947484-17-000097-ex102793017.htm,historical_disagreement,holdout,historical_contractType_disagreement;historical_classOfBusiness_disagreement,EX 10.27,htm,103730,50_250kb,No,No,NA,Non-Life,NA,NA
2018-1310067-0001310067-18-000029-shldex106q32018.htm,2018,2018-1310067-0001310067-18-000029-shldex106q32018.htm,unrelated_agreement,development,unrelated_agreement,SUPERPRIORITY JUNIOR LIEN SECURED DEBTOR-IN-POSSESSION CREDIT AGREEMENT,htm,6725274,gte_1mb,No,No,NA,NA,NA,NA
2018-1576018-0001576018-18-000074-exhibit1045amendmentno5tod.htm,2018,2018-1576018-0001576018-18-000074-exhibit1045amendmentno5tod.htm,amendment_or_endorsement,development,historical_reinsurance_disagreement;historical_contractType_disagreement;amendment_or_endorsement;unrelated_agreement;clear_reinsurance_candidate,EXHIBIT 10.4.5 AMENDMENT NO 5 TO DANIEL VICTOR MALLOY III EMPLOYMENT AGREEMENT,htm,10723,lt_50kb,No,Yes,NA,Non-Life,NA,NA
2018-874501-0000874501-18-000027-a01-006ex1038x4q1710k.htm,2018,2018-874501-0000874501-18-000027-a01-006ex1038x4q1710k.htm,clear_reinsurance_candidate,development,clear_reinsurance_candidate,EXHIBIT 10.38,htm,279458,250kb_1mb,Yes,Yes,Non-Life,Non-Life,Treaty,Treaty
2018-886982-0001193125-18-056383-d480167dex1052.htm,2018,2018-886982-0001193125-18-056383-d480167dex1052.htm,other,development,random_other,EX-10.52,htm,81535,50_250kb,No,No,NA,NA,NA,NA
2018-923571-0001008886-18-000092-exhibit1013.htm,2018,2018-923571-0001008886-18-000092-exhibit1013.htm,unrelated_agreement,development,unrelated_agreement,EXHIBIT 10.13 (CREDIT AGREEMENT),htm,1992756,gte_1mb,No,No,NA,NA,NA,NA
2019-1304280-0001304280-19-000024-exhibit104-ablamendmentno2.htm,2019,2019-1304280-0001304280-19-000024-exhibit104-ablamendmentno2.htm,amendment_or_endorsement,development,historical_contractType_disagreement;historical_classOfBusiness_disagreement;amendment_or_endorsement,EXHIBIT 10.4 ABL AMENDMENT,htm,7021566,gte_1mb,No,No,NA,Non-Life,NA,NA
2019-1362468-0001362468-19-000036-a2019q2exhibit101.htm,2019,2019-1362468-0001362468-19-000036-a2019q2exhibit101.htm,historical_disagreement,holdout,historical_classOfBusiness_disagreement,EXHIBIT 10.1,htm,931279,250kb_1mb,No,No,NA,NA,NA,NA
2019-1412100-0001412100-19-000061-q22019exhibit104mcafully.htm,2019,2019-1412100-0001412100-19-000061-q22019exhibit104mcafully.htm,clear_reinsurance_candidate,development,clear_reinsurance_candidate,EXHIBIT 10.4,htm,76079,50_250kb,Yes,,Non-Life,,Treaty,
2019-1527469-0001527469-19-000049-q32019exhibit101.htm,2019,2019-1527469-0001527469-19-000049-q32019exhibit101.htm,life_health_or_annuity,development,historical_contractType_disagreement;historical_classOfBusiness_disagreement;life_health_or_annuity;clear_reinsurance_candidate,EXHIBIT 10.1,htm,161099,50_250kb,Yes,Yes,Life,Non-Life,Treaty,Treaty
2019-1549084-0001549084-19-000004-ekso-33119xex101.htm,2019,2019-1549084-0001549084-19-000004-ekso-33119xex101.htm,historical_disagreement,development,historical_classOfBusiness_disagreement,EXHIBIT 10.1,htm,588360,250kb_1mb,No,No,NA,NA,NA,NA
2019-1576018-0001576018-19-000046-guptaemploymentagreementam.htm,2019,2019-1576018-0001576018-19-000046-guptaemploymentagreementam.htm,amendment_or_endorsement,holdout,historical_reinsurance_disagreement;historical_contractType_disagreement;historical_obligatoryType_disagreement;historical_classOfBusiness_disagreement;amendment_or_endorsement;unrelated_agreement;clear_reinsurance_candidate,EXHIBIT 10.32.5 AMENDMENT TO MANOJ K. GUPTA EMPLOYMENT AGREEMENT,htm,12675,lt_50kb,No,Yes,NA,Non-Life,NA,Treaty
2020-10456-0001628280-20-003693-bax-20191231xexx1032.htm,2020,2020-10456-0001628280-20-003693-bax-20191231xexx1032.htm,life_health_or_annuity,development,life_health_or_annuity,EX-10.31,htm,489559,250kb_1mb,No,,Life,,NA,
2020-1069996-0001069996-20-000094-f7v1102redacted.htm,2020,2020-1069996-0001069996-20-000094-f7v1102redacted.htm,clear_reinsurance_candidate,holdout,clear_reinsurance_candidate,EXHIBIT 10.25,htm,93503,50_250kb,Yes,Yes,Non-Life,Non-Life,Treaty,Treaty
2020-1400810-0001564590-20-038411-hci-ex1011_246.htm,2020,2020-1400810-0001564590-20-038411-hci-ex1011_246.htm,clear_reinsurance_candidate,development,clear_reinsurance_candidate,EX-10.11,htm,439181,250kb_1mb,Yes,,Non-Life,,Treaty,
2020-1400810-0001564590-20-038411-hci-ex1017_240.htm,2020,2020-1400810-0001564590-20-038411-hci-ex1017_240.htm,clear_reinsurance_candidate,development,clear_reinsurance_candidate,EX-10.17,htm,495717,250kb_1mb,Yes,Yes,Non-Life,Non-Life,Treaty,Treaty
2020-1527469-0001527469-20-000007-q42019exhibit10272.htm,2020,2020-1527469-0001527469-20-000007-q42019exhibit10272.htm,life_health_or_annuity,development,historical_reinsurance_disagreement;historical_contractType_disagreement;historical_classOfBusiness_disagreement;life_health_or_annuity;clear_reinsurance_candidate,EXHIBIT 10.27.2,htm,95550,50_250kb,No,Yes,NA,Life,NA,NA
2020-1764046-0001104659-20-027484-tm206490d1_ex10-15.htm,2020,2020-1764046-0001104659-20-027484-tm206490d1_ex10-15.htm,historical_disagreement,development,historical_classOfBusiness_disagreement,EXHIBIT 10.15,htm,1987367,gte_1mb,No,No,NA,NA,NA,NA
2021-1018979-0001564590-21-009413-amsf-ex1023_219.htm,2021,2021-1018979-0001564590-21-009413-amsf-ex1023_219.htm,clear_reinsurance_candidate,development,clear_reinsurance_candidate,EX-10.23,htm,505793,250kb_1mb,Yes,Yes,Non-Life,Non-Life,Treaty,Treaty
2021-1069996-0001069996-21-000138-exhibit1018xq321.htm,2021,2021-1069996-0001069996-21-000138-exhibit1018xq321.htm,clear_reinsurance_candidate,development,clear_reinsurance_candidate,EX-10.18,htm,151414,50_250kb,Yes,Yes,Non-Life,Non-Life,Treaty,Treaty
2021-1069996-0001069996-21-000138-exhibit1019xq321.htm,2021,2021-1069996-0001069996-21-000138-exhibit1019xq321.htm,clear_reinsurance_candidate,holdout,clear_reinsurance_candidate,EX-10.19,htm,141019,50_250kb,Yes,Yes,Non-Life,Non-Life,Treaty,Treaty
2021-1455863-0001628280-21-016072-ex103-thirdamendmentto2018.htm,2021,2021-1455863-0001628280-21-016072-ex103-thirdamendmentto2018.htm,historical_disagreement,holdout,historical_contractType_disagreement;historical_classOfBusiness_disagreement,EX-10.3,htm,143005,50_250kb,No,No,NA,Non-Life,NA,NA
2021-1527469-0001527469-21-000041-q12021exhibit1021.htm,2021,2021-1527469-0001527469-21-000041-q12021exhibit1021.htm,life_health_or_annuity,holdout,historical_reinsurance_disagreement;historical_contractType_disagreement;historical_classOfBusiness_disagreement;life_health_or_annuity;clear_reinsurance_candidate,EX-10.2.1,htm,98413,50_250kb,No,Yes,NA,Life,NA,NA
2022-1482430-0001482430-22-000016-kbsriiiq42021exhibit102.htm,2022,2022-1482430-0001482430-22-000016-kbsriiiq42021exhibit102.htm,amendment_or_endorsement,development,historical_contractType_disagreement;historical_classOfBusiness_disagreement;amendment_or_endorsement,AMENDED AND RESTATED LOAN AGREEMENT (BOA),htm,1618240,gte_1mb,No,No,NA,Non-Life,NA,NA
2022-1527469-0001527469-22-000049-ex101formofrsuawardagreeme.htm,2022,2022-1527469-0001527469-22-000049-ex101formofrsuawardagreeme.htm,other,development,random_other,EX-10.1,htm,96155,50_250kb,No,,NA,,NA,
2022-1812360-0001213900-22-074296-f10q0922ex10-14_foxotech.htm,2022,2022-1812360-0001213900-22-074296-f10q0922ex10-14_foxotech.htm,amendment_or_endorsement,holdout,historical_contractType_disagreement;historical_classOfBusiness_disagreement;amendment_or_endorsement;unrelated_agreement;life_health_or_annuity,FORM OF AMENDED AND RESTATED EMPLOYMENT AGREEMENT OF BRIAN CHEN,htm,70787,50_250kb,No,No,NA,Life,NA,NA
2022-5513-0000005513-22-000030-unm123121ex1047.htm,2022,2022-5513-0000005513-22-000030-unm123121ex1047.htm,life_health_or_annuity,development,historical_contractType_disagreement;historical_classOfBusiness_disagreement;life_health_or_annuity,EX-10.47,htm,93176,50_250kb,No,No,NA,Life,NA,NA
2023-1527469-0001527469-23-000053-q22023exhibit101.htm,2023,2023-1527469-0001527469-23-000053-q22023exhibit101.htm,life_health_or_annuity,holdout,historical_classOfBusiness_disagreement;life_health_or_annuity;clear_reinsurance_candidate,EX-10.1,htm,216033,50_250kb,Yes,Yes,Life,Life,Treaty,Treaty
2023-1691421-0001691421-23-000095-exhibit102-propertyperrisk.htm,2023,2023-1691421-0001691421-23-000095-exhibit102-propertyperrisk.htm,clear_reinsurance_candidate,development,clear_reinsurance_candidate,EX-10.2,htm,267019,250kb_1mb,Yes,Yes,Non-Life,Non-Life,Treaty,Treaty
2023-1794905-0001794905-23-000010-exhibit1015combined.htm,2023,2023-1794905-0001794905-23-000010-exhibit1015combined.htm,other,holdout,random_other,EX-10.15,htm,1713181,gte_1mb,No,No,NA,NA,NA,NA
2024-1400810-0000950170-24-094718-hci-ex10_15.htm,2024,2024-1400810-0000950170-24-094718-hci-ex10_15.htm,historical_disagreement,development,historical_classOfBusiness_disagreement;clear_reinsurance_candidate,EX-10.15,htm,347248,250kb_1mb,Yes,Yes,Non-Life,Non-Life,Treaty,Treaty
2024-1498710-0001498710-24-000220-save-ex102x2024930x10q.htm,2024,2024-1498710-0001498710-24-000220-save-ex102x2024930x10q.htm,amendment_or_endorsement,holdout,historical_classOfBusiness_disagreement;amendment_or_endorsement,"FOURTH AMENDMENT TO CREDIT AND GUARANTEE AGREEMENT, DATED AS OF JULY 2, 2024,",htm,1164852,gte_1mb,No,No,NA,NA,NA,NA
2024-1604738-0001604738-24-000017-ainc2023q4xex1073arremingt.htm,2024,2024-1604738-0001604738-24-000017-ainc2023q4xex1073arremingt.htm,historical_disagreement,development,historical_classOfBusiness_disagreement,EX-10.73,htm,493884,250kb_1mb,No,No,NA,NA,NA,NA
